601.0,120.0,-70.4,148.6,224.0,65.15583522,17682.4258871296,16383.999991257044
606.0,121.2,-79.2,148.8,224.6,64.80117912,17713.682317312,7170.252147916801
611.0,116.8,-92.0,146.0,218.2,64.61319110000001,17698.121941319678,3042.8547547136
616.0,117.2,-85.4,144.0,209.4,64.65045599999999,17668.287836979198,2125.3958762496
621.0,109.4,-31.2,141.8,206.2,65.0727628,16984.13760413696,5195.7344894975995
626.0,123.0,-78.6,144.6,216.6,65.47857614,16403.02913897759,16256.443563569972
631.0,124.8,-68.4,149.0,229.0,65.55870598000001,16818.92576886784,16383.98441735853
636.0,124.0,-68.6,148.6,230.0,65.39156956,17191.530129326078,16383.999996074777
641.0,123.8,-56.4,147.4,233.2,65.01696706,17237.9866988544,16383.999999998356
646.0,114.6,-32.0,146.0,236.0,64.57529806,17157.97891121152,3191.6657868800003
651.0,118.0,-52.8,144.8,236.8,64.45097030000001,17040.44799852544,1921.9367428096
656.0,117.0,-51.0,143.0,242.0,64.58376816,16951.46937122816,2051.1678988288
661.0,115.8,-42.8,139.8,242.2,64.917432,16849.79715538944,1290.2702776319998
666.0,115.2,-45.4,138.4,240.0,65.38559000000001,16732.9835024384,12775.514374144
671.0,109.6,-34.0,136.0,237.8,65.60357908,16361.01350870221,16383.604986246515
676.0,114.0,-35.4,137.2,249.2,65.45216886,16216.14390837248,16383.999985110195
681.0,115.2,-31.0,138.8,251.6,65.08800681999999,16227.372772556799,14809.823143522768
686.0,114.2,-26.2,142.0,268.8,64.66351504000001,16254.457296879616,1272.9672073216002
691.0,116.2,-11.0,140.4,267.8,64.573358,16294.351760687103,774.00211456
696.0,114.6,-1.2,139.8,285.2,64.85802324,16610.00137342976,917.5033708543997
701.0,115.0,-7.6,134.6,273.4,65.28354200000001,16525.556773421056,14704.425991982285
706.0,109.2,-11.2,132.8,267.0,65.423282,16147.324683976703,16383.587200336318
711.0,107.2,0.0,131.2,272.4,65.26934779999999,15821.383250083842,16383.999889576706
716.0,109.4,1.4,134.2,285.2,64.88128199999998,15617.383374520321,11501.649104052889
721.0,109.4,13.8,134.4,292.6,64.54148101999999,15687.618081587198,3629.37909248
726.0,112.2,14.8,137.0,305.0,64.49826306,15750.41489338368,3789.058310144
731.0,112.0,18.8,140.0,308.0,64.71240612,16201.899990056962,796.1842974719999
736.0,115.0,12.8,139.8,290.2,65.20129516,16495.9272976384,1.2241534975997639
741.0,113.6,-3.8,138.4,279.4,66.000696,16704.16331177984,0.0
746.0,112.6,-15.0,137.6,269.4,66.86486599999998,16565.740847104003,0.0
751.0,113.8,-19.0,137.0,261.8,67.683654,16565.84388018176,0.0
756.0,113.2,-27.4,135.2,253.6,68.53647318,16655.208196997126,0.0
761.0,111.4,-36.6,131.8,243.6,69.3593802,16405.144381030397,0.0
766.0,112.4,-32.8,131.4,247.6,70.310376,16091.193893519361,1541.705089024
771.0,113.8,-27.8,133.4,247.2,71.14834854,16052.624059924481,10218.9706379264
776.0,114.0,-19.4,135.4,264.8,71.55816399999999,16061.21601400832,16218.409437704027
781.0,112.2,-16.8,136.2,262.6,71.45321521999999,16075.35560818688,16383.989893153926
786.0,111.6,-11.0,134.2,277.2,70.86824881999999,16080.142123335681,16383.999999845782
791.0,109.6,-9.4,132.4,286.8,70.06930082,16024.40116207616,16383.99999999999
796.0,105.6,-7.0,132.8,291.4,69.12078682,15792.469016576,16384.0
801.0,105.0,-8.0,130.0,276.6,68.18309878,15515.38400165888,16384.0
806.0,103.6,2.4,126.4,285.0,67.15482399999999,15430.872634490883,16384.0
811.0,100.2,-1.8,124.0,289.4,66.00368202,15132.528443391999,16384.0
816.0,103.6,3.6,130.2,307.6,65.05125482000001,15015.678246912003,16384.0
821.0,104.6,12.4,122.8,312.4,64.11047066,14714.129393254401,8488.458574233598
826.0,110.6,23.8,128.6,315.0,63.34289656,14826.821713919999,7142.156206080001
831.0,108.8,32.0,122.2,337.4,62.94410714000001,15002.904068423679,6282.09074176
836.0,111.2,37.8,133.6,328.0,62.78398978,15080.706786918401,7461.306417152
841.0,106.4,36.4,117.6,333.2,62.830998279999996,15246.112437043199,6104.987084390401
846.0,101.4,31.4,118.8,326.6,63.047827039999994,15201.525261926401,9259.902710579201
851.0,96.8,20.4,115.8,316.6,63.22854668,14827.251447889921,14510.064756031488
856.0,91.8,11.4,111.2,304.6,63.28914613999999,14600.578639462401,15051.23667596411
861.0,90.8,6.6,113.4,301.2,63.2027147,14334.6982912,16146.02310136627
866.0,93.2,3.2,113.0,294.0,63.0099695,14134.178906111998,15042.082035138557
871.0,101.0,4.0,118.0,297.0,62.799543560000004,14180.5206044672,11781.4181199872
876.0,103.8,16.0,123.8,320.6,62.79011408,14389.748219903999,2940.0822611968006
881.0,108.0,22.0,128.2,318.4,63.30018512,15245.093130076162,2.430681087999619
886.0,110.6,22.2,124.8,310.6,64.15369502,15833.74485225472,0.0
891.0,107.4,16.8,123.2,304.2,65.304524,15405.7088139264,0.0
896.0,107.4,18.2,123.8,305.4,66.67110736000001,15204.49053032448,14482.999999999836
901.0,112.4,14.0,127.4,304.8,67.87205584,15713.634485207038,16383.96785888673
906.0,111.4,13.0,128.4,304.6,68.63268704,15736.30156767232,13801.114360545278
911.0,111.8,11.6,129.0,303.0,69.20247392,15643.03401844736,13731.221572812798
916.0,114.6,9.8,131.8,299.8,69.68039514,16135.99531892736,9133.16388864
921.0,113.6,3.6,132.0,294.0,70.36748314,16202.97812774093,301.55246796799946
926.0,114.2,-0.8,131.4,283.8,71.22554016000001,16146.858813685762,6831.8182539264
931.0,114.6,-3.8,132.6,272.6,72.11296892,16376.025362792449,15079.252390707199
936.0,113.0,-13.0,131.4,263.0,72.76194089999998,16443.246454911794,16383.696871251163
941.0,112.0,-21.0,134.4,265.8,73.16458094,16335.558006341631,16383.999981249537
946.0,111.2,-27.4,138.2,256.0,73.38733284,16585.1140841472,16383.99999999887
951.0,112.8,-36.8,136.2,256.8,73.47935004,16716.153575178243,16384.0
956.0,107.8,-19.2,137.6,238.0,73.49627308000001,16569.852392472578,16384.0
961.0,116.6,-46.8,140.2,240.8,73.43418290000001,16873.59415156736,16384.0
966.0,110.4,-53.6,143.4,229.4,73.32336493999999,16925.80664410112,16384.0
971.0,116.4,-33.4,145.0,236.8,73.181734,16989.62995216384,16384.0
976.0,118.6,-46.8,148.0,241.0,72.99127582,17484.944689070082,16384.0
981.0,117.8,-66.2,145.6,234.6,72.77674494,17888.5016748032,16384.0
986.0,116.0,-74.0,149.6,225.0,72.60182682000001,17902.51746983936,16384.0
991.0,118.4,-51.2,151.6,221.0,72.38189838,17634.041987072,16384.0
996.0,118.4,-69.6,153.6,223.2,72.05971504,17686.81187344384,17326.292992
1001.0,117.4,-60.0,157.6,220.8,71.46794500000001,18068.137857187838,17490.1115748352
1006.0,127.2,-80.0,161.4,225.0,70.72053079999999,18255.05452032,16384.0
1011.0,132.6,-67.6,168.8,228.0,69.93525592,18511.1196532736,16384.0
1016.0,136.2,-56.2,162.2,233.8,69.213119,18735.0493986816,16384.0
1021.0,133.4,-55.4,161.6,232.0,68.57671604,18716.516548608,16384.0
1026.0,131.0,-60.0,159.4,231.2,67.99982878,18581.9636236288,16384.0
1031.0,119.8,-67.2,153.0,223.8,67.45822586,18382.884084121597,16384.0
1036.0,126.4,-73.6,148.8,217.4,66.98234498000001,17482.21105831936,16384.0
1041.0,127.0,-69.2,152.2,223.8,66.5538268,17133.17698961408,16384.0
1046.0,130.8,-58.4,160.2,229.2,66.12109094,17411.09199536128,16384.0
1051.0,133.6,-45.0,157.4,238.2,65.64438396,17701.423710208,16384.0
1056.0,128.4,-38.6,154.6,250.0,65.10620292,17708.178997247996,16384.0
1061.0,130.6,-31.8,153.0,254.0,64.63012486,17672.094140989444,9874.061869056
1066.0,125.6,-29.8,151.6,255.6,64.39916511999999,17631.3413320704,7002.300550348799
1071.0,118.8,-30.4,146.4,248.8,64.39124025999999,17505.261879296002,4291.8177439744
1076.0,120.8,-42.8,141.8,237.8,64.66018799999999,17317.94711805952,2848.7984807936
1081.0,114.4,-50.0,137.2,231.4,65.19166172,17121.643869306885,6906.40907337728
1086.0,113.8,-54.8,133.2,223.6,65.64788798000001,16802.600797601794,16368.696363643012
1091.0,112.4,-62.8,131.0,215.2,65.87755304,16357.329919030066,16383.999040043302
1096.0,111.0,-67.0,132.8,220.2,65.89675104,16228.982037938176,16383.999999896676
1101.0,112.6,-57.8,134.6,220.4,65.7730592,16030.70515740672,16383.999999999975
1106.0,117.2,-38.6,139.0,241.8,65.55003208000001,15869.314384855039,16384.0
1111.0,119.0,-28.0,140.8,246.4,65.28971686,16111.558927679487,16384.0
1116.0,121.2,-19.2,142.4,261.0,64.93390400000001,16398.70950803374,13893.889061683201
1121.0,118.0,-8.4,139.8,271.4,64.668792,16466.40023171891,1709.1202252799999
1126.0,117.2,-3.4,137.6,279.2,64.80925683999999,16453.581335855102,778.8078694400003
1131.0,111.4,-2.2,133.2,269.2,65.21620818,16408.420182523907,11155.870068736
1136.0,110.0,-3.0,128.6,278.6,65.55045292000001,16074.237821714432,16382.262812623992
1141.0,111.2,-4.0,128.2,283.4,65.64928400000001,15777.02064062464,16383.99988045117
1146.0,108.0,-3.6,130.2,290.6,65.59025308,15751.623834009602,16383.999999970934
1151.0,107.0,0.6,129.8,291.6,65.36572800000002,15484.280586240002,16384.0
1156.0,108.0,6.2,130.8,285.0,65.05732316,15497.72399542272,15260.0522457088
1161.0,109.8,8.4,128.0,290.0,64.78448814000001,15522.48158683136,6168.5995536384
1166.0,112.4,7.2,129.4,296.0,64.7155468,15552.07433846784,4876.7048384512
1171.0,103.8,9.2,125.0,301.8,64.86484124,15582.365274275839,6952.292712447999
1176.0,103.6,4.4,125.0,294.6,65.10776596,15503.362609643522,14067.037014196225
1181.0,108.4,-0.8,130.4,291.4,65.21830680000001,15472.544864993277,16383.541140204456
1186.0,113.4,1.2,130.2,291.8,65.14139316,15552.02384756736,16383.999972370457
1191.0,108.4,8.0,130.8,292.8,64.94423838,15610.499822059519,11278.068459107086
1196.0,114.6,7.8,135.6,294.6,64.83345656,15650.31682932736,3783.0200557567996
1201.0,119.4,17.0,137.2,308.2,65.052966,15799.8799437824,5280.6137479168
1206.0,116.0,24.8,135.6,316.2,65.366242,15945.580037734399,16331.142900851113
1211.0,116.8,24.2,137.8,315.6,65.44338902,16018.85328244736,16383.996799353612
1216.0,116.4,25.6,137.6,319.0,65.29377122,16106.23994298368,16383.999999975314
1221.0,109.6,28.4,135.6,313.0,65.0533779,16123.11133683712,16383.999999999995
1226.0,111.2,22.4,133.4,304.2,64.819678,16087.980987514882,4097.798832127999
1231.0,112.6,16.2,133.8,309.2,64.76970882,16047.119945236482,2857.9368009727996
1236.0,110.0,14.6,130.8,299.6,64.98533599999999,16031.50830108672,4448.8265596928
1241.0,107.2,7.4,129.4,301.4,65.33402,15914.08881860608,16212.282796403917
1246.0,110.8,0.4,132.2,288.0,65.42157108,15842.4408571904,16383.98933596747
1251.0,108.6,-1.8,127.6,280.4,65.310194,15826.718686576638,16383.999998702604
1256.0,100.8,-1.4,129.0,281.0,65.043084,15727.43561281536,16383.999999999844
1261.0,109.0,-9.8,132.0,275.6,64.7281011,15662.731786649598,6176.672841727999
1266.0,113.4,-5.0,133.2,279.4,64.65230421999999,15709.62781503488,3480.0361046015996
1271.0,109.0,-1.6,128.2,280.0,64.843354,15765.56365185024,4430.363957657601
1276.0,100.0,-3.2,133.0,286.2,65.15358624,15710.209045626882,12301.037927596033
1281.0,116.4,3.6,137.2,286.0,65.30368000000001,15751.826660720642,16382.827909245534
1286.0,108.0,7.8,134.4,293.4,65.21897600000001,16138.948449730558,16383.999967625397
1291.0,112.0,5.8,135.4,285.2,64.98357888000001,16058.3641464832,14360.573240931579
1296.0,113.8,3.4,136.8,295.2,64.75839592,16062.95895048192,1793.7277550592003
1301.0,116.0,4.4,137.2,283.4,64.81234506000001,16112.16022044672,2100.8616980479997
1306.0,112.8,8.2,136.8,299.2,65.12605515999999,16129.70517889024,8973.3846695936
1311.0,113.8,0.8,135.4,284.6,65.37696600000001,16121.49293514752,16377.934972781854
1316.0,114.0,-0.2,135.8,280.0,65.345088,16113.422430371842,16383.999629820104
1321.0,115.0,1.0,139.8,311.0,65.10367000000001,16120.80944807936,16383.999999977406
1326.0,112.4,-0.2,138.2,285.6,64.756078,16158.239865569278,4951.1514537983985
1331.0,118.6,5.2,138.8,292.4,64.7016428,16184.23280369664,723.08752384
1336.0,117.6,6.8,137.0,284.8,64.9613429,16240.377566068735,1928.2893504512
1341.0,109.8,1.8,137.6,284.8,65.35276692,16256.010927472638,15916.410753456537
1346.0,115.8,6.2,139.2,297.2,65.46794811999999,16198.829782466559,16383.971463665523
1351.0,116.4,9.2,136.6,296.6,65.28863172,16236.990578688,16383.9999995101
1356.0,113.0,2.0,140.2,297.8,64.98348600000001,16234.343854899202,16383.999999999936
1361.0,115.8,4.0,137.2,299.2,64.63500907999999,16251.078777241602,1656.6021521407997
1366.0,114.8,7.4,136.0,285.8,64.53917288,16250.471179878401,1399.7261881343998
1371.0,113.8,2.8,133.4,283.0,64.723226,16199.06340093952,3027.5715071999994
1376.0,113.2,5.0,134.6,282.8,65.1077157,16144.638925209601,9236.32674963456
1381.0,116.6,4.2,132.2,279.8,65.34902087999998,16124.19565289472,16378.026740241989
1386.0,114.0,2.4,133.8,278.8,65.2932599,16104.01937948672,16383.999635421162
1391.0,112.4,1.2,137.0,288.8,65.00292716,16096.798199316481,16383.999999977756
1396.0,114.6,4.8,136.2,283.2,64.6201911,16088.42023960576,2293.4646161408004
1401.0,115.4,8.2,137.4,288.4,64.59237304,16176.877869976777,1317.2904296447996
1406.0,116.6,7.0,135.2,282.0,64.86993612,16351.303897969457,1751.1501168640007
1411.0,117.4,7.8,133.2,291.8,65.29938584000001,16318.77822614733,12814.582591874663
1416.0,116.4,6.6,132.4,278.2,65.530782,16263.475068927999,16383.938728343777
1421.0,116.4,5.6,134.2,281.2,65.47787484,16217.71702304768,16383.999996260274
1426.0,114.6,2.8,132.4,278.8,65.25125082,16190.36654534656,16383.999999999773
1431.0,109.8,0.6,128.2,282.8,64.9412556,16088.585283174401,14890.5812492288
1436.0,110.4,2.8,130.8,282.8,64.63770706,15835.817517383679,5888.324213145601
1441.0,112.2,1.4,130.6,283.2,64.61459812000001,15810.46360178688,4354.5393758208
1446.0,111.2,2.6,129.8,279.4,64.85924986,15802.64045412352,4932.301478297601
1451.0,113.4,3.2,130.8,278.8,65.25051619999999,16080.994729328639,13606.944147587074
1456.0,115.8,3.6,133.2,287.6,65.485352,16065.18516252672,16383.666900118644
1461.0,115.6,2.0,135.2,287.0,65.51333595999999,16137.998440300546,16383.999989828095
1466.0,114.8,-1.4,135.8,282.8,65.388074,16381.220257991885,16383.99999999876
1471.0,115.8,-6.2,136.4,273.2,65.14032,16330.65419063296,16384.0
1476.0,115.0,-8.2,137.0,270.4,64.84501602,16307.989627535362,7747.4390114304
1481.0,118.6,-12.2,139.8,274.2,64.82578287999999,16292.304245981184,1009.6327262208
1486.0,118.8,-7.2,139.4,266.8,65.19393516,16553.12022929408,7194.97115140096
1491.0,120.8,-11.4,140.8,259.2,65.57636896,16618.413113016322,16371.044789343408
1496.0,121.2,-13.6,142.0,257.8,65.70151306,16616.33644724224,16383.999109601442
1501.0,122.8,-15.6,143.0,261.8,65.641274,16819.82975639552,16383.999999944313
1506.0,126.6,-28.2,143.0,253.8,65.46511004,16926.27921371136,16383.999999999995
1511.0,119.6,-26.8,148.0,244.8,65.12158388,16915.907910369282,15623.648894648319
1516.0,120.0,-25.0,149.8,250.8,64.794128,16899.175210352638,5443.1403933696
1521.0,121.4,-24.4,147.6,248.2,64.69369814,17120.7126777856,5044.247134208001
1526.0,119.8,-32.4,145.0,249.2,64.86000688,17118.294575349762,2863.0498279424
1531.0,117.8,-33.8,143.6,247.2,65.21608088,17018.59946233856,12118.352374857728
1536.0,118.8,-31.4,141.4,247.8,65.43177106,16893.808894607362,16383.199892158373
1541.0,119.8,-37.6,141.6,247.2,65.3936871,16673.05238102016,16383.999951060989
1546.0,114.4,-27.6,143.0,251.6,65.152792,16542.313312092163,16383.999999994086
1551.0,121.8,-24.8,144.8,257.4,64.79205586,16551.06801893376,8892.340512358402
1556.0,121.2,-19.0,147.6,278.8,64.619152,16634.8679168,4140.252892364801
1561.0,125.4,-11.2,146.4,274.2,64.69370115999999,16713.88956884992,4581.046861824
1566.0,126.4,-4.4,146.6,282.6,64.87844989999999,16791.52441032704,5006.706946867201
1571.0,124.2,-4.4,145.4,280.6,65.17795399999999,16844.88536981504,10391.1323795456
1576.0,122.4,0.2,145.0,281.2,65.37341891999999,16864.394543104,16370.84517906304
1581.0,119.2,-4.2,141.2,283.0,65.37604200000001,16851.42995206144,16383.997148402432
1586.0,119.8,-3.0,140.8,281.6,65.19860628,16785.20610422784,16383.999999651904
1591.0,116.8,-7.2,140.0,271.4,64.88307999999999,16723.43942037504,7318.390649651189
1596.0,115.2,-8.8,137.4,268.6,64.80446984,16631.284432895998,988.3526758400003
1601.0,115.4,-17.0,135.4,264.4,65.05354522,16530.192088662014,3623.1965769728004
1606.0,113.0,-15.0,135.6,265.2,65.37161082,16433.515689286698,16265.218064781802
1611.0,115.8,-20.0,135.2,265.4,65.470736,16344.58260884685,16383.985843187558
1616.0,113.4,-19.8,139.0,266.4,65.3440671,16311.637047115777,16383.999998469084
1621.0,113.6,-14.6,137.4,266.8,65.057456,16258.286189379583,16383.999999999907
1626.0,117.2,-9.0,140.0,272.4,64.77311599999999,16269.375198920703,722.3488937983999
1631.0,116.8,-2.4,140.0,283.4,64.84605078,16305.280618070017,1323.2348495872
1636.0,121.0,3.8,139.2,284.2,65.1764112,16352.134363797912,9950.965342601217
1641.0,118.6,11.0,140.0,295.4,65.42174394,16395.697360124315,16383.173002751431
1646.0,117.0,14.2,139.6,295.2,65.41780295999999,16412.39123410944,16383.999887840755
1651.0,113.2,21.8,139.8,307.6,65.293709,16402.510937951436,16383.999999969985
1656.0,116.0,16.8,139.2,300.6,65.0552989,16360.828558737408,16383.999999999975
1661.0,114.8,18.8,138.4,300.2,64.76994400000001,16358.095135866879,1464.9270927359998
1666.0,113.2,13.4,136.2,303.6,64.80383715999999,16321.0869628928,1948.6699225088
1671.0,117.4,12.8,138.4,302.4,65.09552328000001,16285.659315011584,5613.9966971904005
1676.0,115.6,11.6,136.2,292.4,65.41168400000001,16285.550810267645,16320.825158736281
1681.0,116.6,7.6,139.4,299.0,65.48775273999999,16280.991575343103,16383.996144113698
1686.0,117.2,6.0,138.6,291.6,65.34423,16306.734329266177,16383.999999713084
1691.0,117.2,5.4,142.0,293.6,65.05103104,16328.953226690559,16383.999999999975
1696.0,117.2,5.4,140.4,289.4,64.73501484,16376.262513744281,1376.1386807295999
1701.0,118.6,2.8,140.0,289.2,64.75337199999998,16399.932332900353,692.7597731840003
1706.0,119.0,7.6,140.6,288.2,65.07090822,16424.08752024781,2489.9068329983998
1711.0,114.6,-1.0,141.4,293.6,65.44687,16461.260918325246,16174.25472684032
1716.0,123.2,10.4,144.4,291.2,65.57618284,16461.543817150465,16383.993171771197
1721.0,122.4,12.8,145.4,294.4,65.4854,16542.419647528957,16383.999999153657
1726.0,123.4,6.2,147.0,301.8,65.254924,16630.441168076803,16383.999999999942
1731.0,121.6,18.6,148.8,297.2,64.9726711,16706.91268001792,14553.2427730944
1736.0,126.8,18.0,147.0,301.8,64.68074708,16778.07919628288,4334.7602014208005
1741.0,126.6,9.8,147.2,300.4,64.62993462,16848.856329093116,6068.0684929024
1746.0,124.6,17.2,146.0,302.4,64.75997362000001,16887.09631475712,4632.134828032
1751.0,120.4,9.2,143.8,289.8,65.04934606,17068.67507986432,7163.015742095359
1756.0,121.0,9.0,142.8,289.0,65.33244886000001,17005.9258789888,16298.82575493202
1761.0,124.4,-10.4,142.2,281.0,65.43618599999999,16926.02012925952,16383.994939750331
1766.0,122.8,-5.8,143.8,287.0,65.34352612,16917.920131645442,16383.999999691147
1771.0,121.6,-3.0,144.6,278.2,65.11963164000001,16896.01982726144,16383.999999999982
1776.0,114.6,-5.0,142.6,272.2,64.8456109,17111.62950385664,6293.501149184
1781.0,122.8,-11.0,145.2,269.8,64.84071386000001,16997.52368570368,2977.3778059264
1786.0,125.6,-14.8,144.6,263.8,65.13249124000001,16988.699024097285,9398.0835807232
1791.0,126.6,-14.0,146.6,268.4,65.40756288,17073.32206854144,16366.596847106557
1796.0,118.0,-14.2,146.6,265.6,65.50976008,17253.87329110016,16383.997609700344
1801.0,121.8,-20.6,146.2,261.4,65.51602213999999,17162.738741411842,16383.999999643522
1806.0,129.0,-24.0,151.2,253.8,65.38405972000001,17422.946733260796,16383.999999999982
1811.0,129.0,-36.8,153.0,250.4,65.22426304000001,17477.225167257602,16384.0
1816.0,127.6,-30.4,150.0,249.2,65.01321906,17697.213231267837,16384.0
1821.0,123.2,-31.0,144.8,250.4,64.87081032,17601.36545796096,5636.229965414401
1826.0,111.6,-8.2,143.8,245.2,64.931612,17432.62258724864,2727.0480101376
1831.0,122.2,-40.6,142.8,240.8,65.31384884,17173.045665464317,13091.934252099174
1836.0,121.0,-50.2,144.0,236.8,65.612854,17073.7538973696,16383.776667363642
1841.0,122.0,-45.2,143.8,241.6,65.75667814,17003.282167234564,16383.999950923759
1846.0,120.8,-46.0,144.2,236.4,65.80770293999998,16965.913029181444,16383.999999993941
1851.0,121.4,-46.8,143.4,244.4,65.78663896,16903.2136409088,16384.0
1856.0,118.8,-38.2,142.4,248.2,65.70073284,16853.33268496384,16384.0
1861.0,120.0,-47.8,142.0,244.6,65.58259899999999,16792.723065077756,16384.0
1866.0,118.6,-33.6,140.4,248.0,65.44597999999999,16743.627040030722,16384.0
1871.0,118.8,-26.2,141.0,251.0,65.28367487999999,16691.2312328192,16384.0
1876.0,115.4,-29.0,140.6,254.2,65.08365599999999,16604.70256467968,16384.0
1881.0,114.6,-15.6,138.4,257.0,64.9393691,16561.70177134592,8649.8641575936
1886.0,118.0,-20.6,138.2,258.8,65.0225211,16487.79643997389,4164.2294050816
1891.0,117.0,-17.4,137.2,264.6,65.32216442,16465.002613538814,16326.14272663552
1896.0,113.2,-47.0,137.4,266.4,65.525826,16208.975776317438,16383.993070546363
1901.0,118.0,-6.2,136.8,273.6,65.62277592000001,16195.744207667198,16383.99999915412
1906.0,118.2,-1.0,140.4,288.4,65.64868,16247.549123854336,16383.999999999793
1911.0,119.0,-0.8,137.6,293.8,65.63038279999999,16303.309584269311,16384.0
1916.0,115.8,5.2,135.6,291.8,65.57722914,16301.449987457023,16384.0
1921.0,110.6,13.8,134.8,292.6,65.48494408,16271.34557093888,16384.0
1926.0,112.6,3.6,133.6,291.8,65.36122898,16181.11379996672,16384.0
1931.0,105.6,3.8,130.0,285.6,65.21571,16001.258812538881,16384.0
1936.0,107.4,8.4,129.2,290.6,65.05083704,15506.800707829761,16384.0
1941.0,109.8,10.0,132.6,296.6,64.94450092,15511.5583848448,6450.758693683199
1946.0,108.6,29.0,131.6,311.6,65.16880382000001,15589.909829058559,11096.787727646722
1951.0,112.2,23.2,131.8,314.0,65.41671622,15629.1349610496,16379.395292623702
1956.0,114.6,27.6,135.2,327.4,65.559072,15709.968676945922,16383.999672969856
1961.0,112.0,30.4,135.0,325.0,65.61352600000001,15819.95747475456,16383.999999919102
1966.0,111.2,29.8,129.6,317.0,65.6176912,16096.1426702336,16383.999999999965
1971.0,114.6,26.4,130.4,321.6,65.582254,16026.44363378688,16384.0
1976.0,112.8,26.8,132.8,317.6,65.533182,16000.9832087552,16384.0
1981.0,113.2,23.2,133.4,311.4,65.47010192,15986.11635044352,16384.0
1986.0,114.8,23.4,134.2,315.0,65.40526716000001,16084.844041011198,16384.0
1991.0,113.2,17.8,133.2,302.8,65.33974189999999,16273.835894243326,16384.0
1996.0,108.6,13.6,131.6,297.0,65.26992504,16183.865967902719,16384.0
2001.0,110.2,9.6,132.6,301.8,65.211828,16083.163193343999,16384.0
2006.0,110.6,3.2,130.4,288.6,65.152178,16012.678939607042,16384.0
2011.0,111.2,5.6,132.4,292.2,65.095918,15974.044772597761,16384.0
2016.0,114.0,3.0,134.0,286.4,65.038582,15949.639292026879,16384.0
2021.0,114.4,3.4,136.8,293.8,64.99284808,15982.54523088896,12497.46485248
2026.0,113.6,6.6,137.8,297.0,65.087053,16088.57030950912,8684.751010529279
2031.0,116.0,9.8,137.2,297.6,65.2890451,16243.3335885824,16352.03633029939
2036.0,115.8,14.0,137.2,295.8,65.47427775999999,16238.167929651197,16383.988571535248
2041.0,116.8,14.2,138.6,301.0,65.60553087999999,16396.66984214528,16383.999999649246
2046.0,114.0,7.2,137.0,288.2,65.66954682000001,16580.85437702144,16383.999999999953
2051.0,108.8,2.8,134.0,285.2,65.69718895999999,16451.1907823616,16384.0
2056.0,111.4,-2.2,135.6,288.4,65.69243302,16328.709997494272,16384.0
2061.0,109.6,-5.0,135.4,279.2,65.658718,16249.07851055104,16384.0
2066.0,111.6,-7.0,134.6,276.4,65.5954352,16167.15105599488,16384.0
2071.0,112.4,-9.6,137.8,275.4,65.50203000000002,16126.9455962112,16384.0
2076.0,113.4,-13.4,139.6,278.0,65.3903056,16147.337054453757,16384.0
2081.0,116.4,-6.2,141.2,287.2,65.25747298000002,16187.150187233283,16384.0
2086.0,114.4,0.6,143.8,284.6,65.097566,16250.064323149822,16384.0
2091.0,117.0,0.6,143.2,283.0,64.94386,16506.664532606974,9354.614213836798
2096.0,115.0,-0.6,143.0,280.8,64.98293722000001,16602.43970392064,2720.7841251327995
2101.0,116.6,-0.4,141.0,284.4,65.2674201,16564.120724111363,15536.578429639721
2106.0,114.8,-3.4,139.4,277.8,65.47611322,16524.7588171776,16383.970915066937
2111.0,114.0,-5.0,140.6,278.8,65.51800782,16476.32975233024,16383.999999109112
2116.0,114.4,-8.2,141.6,276.2,65.44434520000001,16443.630937866237,16383.999999999785
2121.0,115.2,-10.0,141.4,270.8,65.26092200000001,16436.45591574938,16384.0
2126.0,116.2,-10.6,142.2,280.6,64.99186291999999,16432.719972990977,16384.0
2131.0,117.0,-8.8,143.0,278.0,64.75168492,16455.14603531469,1775.3108119552003
2136.0,118.8,-9.6,143.8,272.0,64.89581724000001,16594.45842182144,1856.9187033088
2141.0,117.8,-9.0,143.8,272.0,65.2716633,16775.205401722884,14682.215865145754
2146.0,118.8,-14.2,142.6,272.8,65.4763017,16733.36454283264,16383.89608704432
2151.0,117.4,-18.6,141.2,271.4,65.45469894,16696.55500488704,16383.999987355866
2156.0,118.2,-21.2,140.8,274.0,65.26271589999999,16633.351291535357,16383.999999999613
2161.0,116.6,-23.6,141.0,264.0,64.97580296,16618.151410073602,12320.545656012799
2166.0,117.2,-28.4,140.8,262.4,64.77336199999999,16572.1640927232,885.154299904
2171.0,115.8,-26.4,140.0,260.4,64.81623286,16546.27143286784,915.831341056
2176.0,117.4,-27.8,139.8,259.2,65.153438,16508.44127707136,4946.58724626432
2181.0,117.8,-25.0,138.4,256.6,65.48554612000001,16486.30091153408,16325.446892994887
2186.0,116.0,-24.8,140.6,269.2,65.59855322000001,16472.009783771136,16383.971978310461
2191.0,115.8,-22.0,140.0,257.8,65.52831888,16462.68362958439,16383.999996151897
2196.0,116.0,-22.6,140.6,262.6,65.28128996000001,16446.037619507202,16383.999999999758
2201.0,115.4,-19.2,143.4,279.4,64.89523716,16435.303746240512,11010.943877119998
2206.0,116.8,-19.2,141.2,273.4,64.63668400000002,16456.6333177856,1644.4097789952
2211.0,115.8,-16.4,139.4,269.8,64.65796515999997,16449.843997933567,904.0017096704003
2216.0,117.8,-12.6,138.6,271.2,64.90260616,16431.48159896781,758.1895163904003
2221.0,117.6,-13.0,137.4,271.0,65.29410714000001,16421.38116967629,14326.034898793267
2226.0,115.2,-8.6,139.0,283.0,65.48833184,16389.512266501326,14359.373957225678
2231.0,114.8,-10.2,137.6,271.2,65.43380006,16363.202577363763,16374.839112576205
2236.0,115.6,-9.8,138.8,281.2,65.1889809,16327.333757059072,16383.998881727608
2241.0,117.4,-5.6,139.6,283.6,64.798732,16350.86722411725,6099.1038487542855
2246.0,114.6,-5.8,135.2,274.4,64.62259686,16341.978753826817,1624.277172224
2251.0,113.0,-6.8,136.0,277.6,64.75700896,16285.283399991295,2156.5243392
2256.0,113.0,-6.4,135.6,277.8,65.06212482,16229.195853561856,6990.793706700801
2261.0,111.6,-6.0,134.2,274.0,65.281404,16190.80563228672,16283.340960978696
2266.0,111.8,-6.0,135.4,280.4,65.2939712,16141.490081628162,16383.975430288507
2271.0,112.6,-2.6,137.2,284.4,65.0836408,16114.356051968,16383.999998476997
2276.0,115.0,-0.8,138.0,288.2,64.748322,16123.531711283202,2905.2810035199996
2281.0,114.4,1.8,137.0,297.4,64.65296906,16160.62482317312,1048.3695714304
2286.0,113.6,3.2,136.8,291.4,64.78990896,16169.06029039616,1431.9360212992
2291.0,115.0,4.4,134.8,287.8,65.10578096,16161.946321879039,8787.629179535359
2296.0,113.8,3.8,133.4,289.0,65.3292572,16136.36394614784,16377.189916992667
2301.0,111.8,4.8,133.6,290.2,65.25070400000001,16099.685475287039,16383.999181456194
2306.0,110.2,8.8,133.6,294.8,64.96384888,16057.73107101696,12750.060709422389
2311.0,111.6,3.2,134.4,294.4,64.65678677999999,16006.33633243136,4038.2633771007995
2316.0,109.4,6.2,132.0,299.6,64.58271198,15979.69554505728,4024.6887677952
2321.0,108.8,7.6,130.6,295.0,64.66627199999999,15913.95199582208,5184.8597372928
2326.0,112.2,3.6,131.2,288.8,64.83127184,15870.190855127037,4535.7055115264
2331.0,111.8,6.0,131.8,295.8,65.08178882,15858.947383951361,10114.6091323392
2336.0,113.8,6.0,130.6,293.0,65.21732496,15877.516284395519,16373.811818501243
2341.0,112.2,7.4,132.0,299.8,65.09275600000001,15895.260473917439,16383.99876589021
2346.0,109.6,8.4,128.6,303.0,64.83213800000001,15893.754693550081,7326.676015447179
2351.0,109.0,8.4,129.2,299.2,64.66590026,15819.783610368002,6158.4205512704
2356.0,110.6,8.8,129.0,311.2,64.6451099,15782.596157767679,4333.77574912
2361.0,110.8,11.4,127.0,310.8,64.74923704,15753.57421846528,6226.358894592
2366.0,111.0,11.8,131.4,304.8,64.94697102,15719.76144257024,5430.1948674048
2371.0,108.0,16.2,131.0,306.2,65.18510799999999,15749.8767179776,13355.182449354343
2376.0,109.6,16.6,130.2,307.0,65.23525562,15734.044371517439,16383.572807048022
2381.0,107.8,19.2,129.6,315.8,65.0799589,15711.93702612992,16383.999898518425
2386.0,103.4,23.0,128.6,313.6,64.824794,15685.650030592,9998.701104323165
2391.0,100.2,18.8,124.4,313.2,64.5960702,15604.948488355842,9604.3326636032
2396.0,95.8,10.8,122.2,299.0,64.39199599999999,15469.6674443264,11259.079278592002
2401.0,95.8,5.8,116.0,294.0,64.14625887999999,15160.021876736,13904.7649214464
2406.0,96.0,-3.8,121.0,285.0,63.80844318,14981.35930535936,11768.270897152
2411.0,97.2,-6.2,122.4,276.6,63.428254700000004,14896.54721478656,13018.8431491072
2416.0,99.6,-6.6,125.8,277.8,63.045234640000004,14880.1326104576,10005.9885043712
2421.0,103.8,0.0,127.2,282.0,62.77673082,15160.662294528,8576.4182933504
2426.0,110.6,-0.4,131.4,286.4,62.551774120000005,15359.326734254078,5263.076114432
2431.0,111.8,5.0,133.4,294.2,62.53018896,15575.427294822399,3729.9691585535998
2436.0,113.8,8.8,134.0,297.8,62.708071360000005,15974.384386703361,3119.2573902848003
2441.0,113.4,13.0,132.6,300.0,63.02931414,16068.34056986624,2672.2375892992004
2446.0,115.2,7.6,130.6,294.6,63.48567802,16311.086815674367,2990.2434861056
2451.0,116.0,2.2,131.0,294.4,64.021168,16227.01108808909,3238.9573574656
2456.0,115.6,0.4,131.2,284.2,64.7313271,16153.20622268416,3032.6708502528
2461.0,120.0,-2.8,134.6,275.8,65.36396382000001,16255.668097010892,14538.633799994574
2466.0,121.0,-3.0,138.0,282.6,65.712877,16399.416087919657,16383.898275956893
2471.0,121.2,-6.2,139.2,276.6,65.764644,16446.180973182978,16383.999986203955
2476.0,121.4,-9.4,138.4,269.2,65.61982498,16800.98836676608,16383.999999998345
2481.0,123.0,-14.4,140.0,268.8,65.35673799999999,16770.038585425922,16384.0
2486.0,121.2,-20.2,139.4,267.2,65.04175000000001,16744.62098292736,14906.3802748928
2491.0,121.4,-15.8,138.2,268.8,64.78322274000001,16715.0982545408,2785.1859656704
2496.0,120.8,-14.8,135.6,269.8,64.83441100000002,16672.02901180416,1668.8322510848
2501.0,117.4,-16.6,132.6,262.8,65.21598924,16587.6566933504,9359.46835853312
2506.0,117.8,-19.8,132.8,259.0,65.57324834,16475.762942803965,16380.017545824929
2511.0,118.0,-21.2,131.6,267.2,65.76040012000001,16410.642815343,16383.996646342508
2516.0,114.8,-25.4,132.0,261.0,65.84801,16330.216272429057,16383.999999194653
2521.0,115.2,-25.2,132.8,259.4,65.83794492,16250.18307821568,16383.999999999902
2526.0,115.8,-26.8,134.2,259.4,65.74344166,16191.58533931008,16384.0
2531.0,115.8,-22.6,134.8,258.2,65.61737235999999,16175.323364392962,16384.0
2536.0,118.0,-20.2,138.8,274.8,65.446982,16199.834881884162,16384.0
2541.0,119.0,-12.2,138.6,276.2,65.25420204000001,16247.624579088384,16384.0
2546.0,119.6,-9.0,140.0,280.8,65.04665022,16316.413940006914,16384.0
2551.0,118.6,-5.2,140.6,285.6,64.8981378,16365.328045011764,2834.5967706111996
2556.0,119.4,-2.0,138.6,279.0,65.09949716,16409.03833541018,8408.54040969216
2561.0,120.4,0.4,141.4,290.2,65.43453883999999,16446.07205258035,16370.84529428267
2566.0,119.2,1.0,140.6,285.4,65.6262729,16596.444884598783,16383.998290094361
2571.0,115.8,-5.4,136.4,276.2,65.73055974,16708.63016624128,16383.99999997389
2576.0,113.4,-9.6,135.0,275.4,65.73578882000001,16584.886981099517,16383.999999999996
2581.0,113.2,-14.8,136.0,268.2,65.68067084,16455.410906955774,16384.0
2586.0,111.8,-22.2,138.4,253.6,65.57355895999999,16376.849017094142,16384.0
2591.0,111.0,-26.0,135.6,261.0,65.43055684,16296.16561360077,16384.0
2596.0,111.4,-26.8,138.0,255.2,65.24322199999999,16215.72971921408,16384.0
2601.0,113.0,-25.0,138.6,258.6,65.020078,16196.75393982464,16384.0
2606.0,116.4,-17.6,142.2,267.8,64.87727600000001,16351.159079010302,1039.9991627775998
2611.0,116.6,-21.2,140.4,260.2,65.11527078000002,16636.502758850558,8192.8444952576
2616.0,114.2,-21.2,140.6,266.2,65.43483794,16583.33150347264,16376.647542309913
2621.0,115.6,-26.4,141.2,265.2,65.55526712000001,16535.88038057984,16383.996409932763
2626.0,111.8,-28.2,138.6,259.6,65.566444,16489.330929631233,16383.999998813913
2631.0,112.2,-27.0,141.0,257.8,65.45926894,16406.626004520138,16383.999999999889
2636.0,116.0,-30.2,142.0,254.2,65.245032,16394.566899764428,16384.0
2641.0,118.6,-27.0,143.8,256.6,64.9198528,16553.673481977858,10850.58121728
2646.0,116.8,-20.0,146.4,257.2,64.76026191999999,16799.7968203776,3165.669081088
2651.0,110.8,-41.8,146.4,264.4,64.9271261,16721.107016089598,4000.0571211775996
2656.0,126.0,-14.8,148.0,269.6,65.19339968,16848.851697336322,14864.71533949747
2661.0,125.4,-18.4,148.2,272.4,65.33719188,17000.482580725762,14536.254648584209
2666.0,120.6,-10.2,146.8,277.8,65.28865914000001,17007.968758988798,16383.009558453585
2671.0,119.2,-16.2,144.0,273.0,65.09292708000001,16966.79831830528,16383.999965053954
2676.0,116.0,-15.2,140.6,270.4,64.85887674,16885.4691282944,5066.851870303943
2681.0,115.4,-16.6,138.0,264.8,64.87563602,16757.63197640704,1152.7956496384
2686.0,113.4,-20.8,135.2,260.8,65.2107331,16499.669204533246,9305.270138109952
2691.0,112.6,-19.4,135.2,256.6,65.46927694000001,16190.98286456832,16382.313242032309
2696.0,111.6,-18.8,136.4,261.0,65.4813988,16147.9286407168,16383.999894458213
2701.0,114.4,-13.6,138.4,272.4,65.32819366,16142.153113927681,16383.99999997451
2706.0,117.2,-7.2,136.8,282.0,65.04345098,16183.71391619072,16383.999999999996
2711.0,116.0,-2.6,138.8,283.4,64.75082019999999,16204.837411553279,2223.4180943872
2716.0,117.8,5.0,138.6,294.4,64.77553599999999,16233.7440301056,566.5020968960001
2721.0,115.0,15.0,137.6,292.6,65.167352,16280.884111867903,8415.2973656064
2726.0,115.6,11.4,136.0,299.4,65.5414132,16272.096406536195,16364.171326004134
2731.0,109.6,13.8,131.4,295.0,65.62301364,16198.929500930046,16383.99851230516
2736.0,110.4,12.4,133.4,303.4,65.52115282,15835.36593076224,16383.999999464393
2741.0,113.2,10.6,132.0,297.6,65.29430886,15835.10354427904,16383.999999999936
2746.0,107.4,14.2,130.0,300.0,64.980996,15841.08316688384,14352.3406249984
2751.0,109.8,10.0,131.0,300.0,64.68475304,15624.763539456,5970.32271872
2756.0,104.0,17.2,127.4,309.6,64.62446918,15587.718636830721,6676.814433484801
2761.0,105.0,22.6,125.8,305.8,64.71107626,15514.53860560896,8579.9548813312
2766.0,104.8,20.6,128.2,303.6,64.87738206,15460.251262975999,8084.620276531202
2771.0,104.4,14.8,124.6,309.6,65.09215112,15435.5873693696,11717.2162101248
2776.0,106.2,20.4,125.0,311.0,65.219832,15394.2834823168,16381.99798998131
2781.0,102.4,26.0,126.4,309.4,65.16437599999999,15389.57094813696,16383.999928403162
2786.0,101.8,20.0,121.6,310.2,64.97511,15354.184212152319,14354.354539709606
2791.0,100.6,18.4,124.2,312.4,64.76212316,15279.034641285121,11307.6293926912
2796.0,96.8,15.4,121.2,304.4,64.64456392,15146.47916969984,10717.890802483202
2801.0,90.4,12.6,123.6,295.2,64.552534,14942.070240378878,13118.412813107201
2806.0,85.0,3.6,102.2,307.2,64.43593399999999,14538.329620479999,15871.139671343106
2811.0,85.4,-10.2,105.2,278.4,64.14822503999999,14220.0491180032,17101.8261678765
2816.0,86.0,-18.8,102.4,270.4,63.718096919999994,13996.1439485952,17226.56837648921
2821.0,85.6,-13.8,113.2,263.0,63.02448122,13910.534619136,16383.999999999325
2826.0,93.6,-14.8,121.2,265.0,62.442125839999996,14580.473774080001,13507.44520687616
2831.0,99.8,-17.8,123.0,269.2,62.01260026,15068.338899189761,11325.683643187202
2836.0,100.4,-17.0,127.0,264.2,61.73619094000001,15031.957877882878,10029.439614976001
2841.0,109.6,-12.6,134.0,271.0,61.67182076,15399.953382113279,6117.412985241599
2846.0,109.6,-4.4,136.6,274.0,61.858606339999994,16327.108915757057,2493.1826565120004
2851.0,113.0,-17.4,136.6,259.4,62.18873354,16860.83151560704,2779.5359891456005
2856.0,112.6,-31.8,132.2,252.8,62.69261152,16759.50041726976,2400.25075712
2861.0,115.0,-47.8,136.0,238.6,63.36383808000001,16596.827267399683,3393.5670444032003
2866.0,114.6,-57.8,135.6,222.0,64.2183052,17023.98170300416,2149.0773393408003
2871.0,115.2,-79.6,135.8,207.4,65.27164272,16959.87254853632,5946.07519203328
2876.0,119.8,-86.8,143.8,200.8,66.13242212,16855.79074306048,16127.42299046052
2881.0,123.2,-86.4,155.8,196.8,66.48263476000001,17427.35329329152,16383.984339781251
2886.0,125.2,-71.8,157.6,213.4,66.49056118,17889.396031488002,16383.999999044381
2891.0,125.8,-82.6,159.8,212.0,66.256944,17879.205102878717,16383.999999999985
2896.0,128.2,-77.4,155.8,228.2,65.902876,17910.18518904832,16384.0
2901.0,120.6,-80.6,149.4,223.0,65.40736718,18032.7536689152,16384.0
2906.0,116.2,-83.0,144.8,216.6,64.91097094,17670.569097953277,11696.0420069376
2911.0,116.6,-81.0,142.8,212.4,64.50341890000001,16806.458971914242,696.8968839167999
2916.0,120.4,-74.8,146.2,218.6,64.375208,16707.47060240384,2449.4036844544003
2921.0,124.4,-64.0,147.4,222.2,64.46964894,16744.77360381952,4255.8706712575995
2926.0,123.0,-56.4,148.6,231.8,64.63899388,17048.86221602816,5718.983114752
2931.0,122.8,-51.4,145.2,234.2,64.8808978,17132.865774551035,4131.400315699199
2936.0,118.6,-47.4,143.0,239.6,65.14672306,17052.83134947328,13076.908997869568
2941.0,115.8,-48.0,139.8,236.2,65.19398976,16922.847044894723,16383.802941070626
2946.0,116.0,-49.0,137.8,237.4,64.951404,16780.550984826878,13685.358252297045
2951.0,115.0,-52.2,136.8,238.4,64.67510014,16649.43872835584,1038.8932689919998
2956.0,114.2,-46.6,135.2,234.6,64.68637656000001,16244.37389551206,2496.4966055936
2961.0,116.6,-40.2,135.0,242.4,64.9134612,16123.71081199616,1819.43435264
2966.0,117.4,-29.4,137.8,250.0,65.23421306,16155.242755194882,13055.402681820775
2971.0,118.2,-18.0,137.8,259.6,65.33548882,16205.45662681088,16383.796838542708
2976.0,118.2,-10.0,138.6,270.0,65.16063,16254.43870490624,16383.99998759471
2981.0,118.6,-4.4,137.6,277.0,64.85952904,16295.314637062143,10402.332029744139
2986.0,115.4,1.6,135.8,288.2,64.65271126,16308.541631660031,1157.54795008
2991.0,114.8,2.0,141.2,285.6,64.73550082,16298.029812350976,4065.4999355392
2996.0,112.0,0.2,127.6,282.6,65.02673904000001,16222.569766060033,5038.7432767488
3001.0,110.8,-0.2,129.8,278.2,65.32765122,15822.49264054272,16339.886046936761
3006.0,109.6,-0.4,124.6,289.8,65.36599090000001,15710.85505462272,16383.99865403216
3011.0,111.0,3.0,128.2,299.6,65.177356,15348.312639733758,16383.999999957654
3016.0,110.8,9.2,129.0,295.6,64.91856920000001,15414.99856388096,12185.924573593595
3021.0,112.6,14.8,131.4,306.2,64.77572202,15514.561865318401,4045.0631172096
3026.0,112.4,18.0,135.6,297.8,64.94672399999999,15920.18069454848,5171.3180762112
3031.0,116.4,7.8,150.8,285.0,65.25577298,16011.271417364482,16069.986251089513
3036.0,107.8,0.0,139.6,288.6,67.18239092,16049.587133808638,11872.700176400383
3041.0,105.2,-18.6,133.8,231.4,68.91592888,15799.042508390401,16119.82620119859
3046.0,110.2,-43.4,135.0,233.2,69.256508,15785.398426664959,16383.98384167171
3051.0,112.4,-32.2,141.8,244.6,69.35081399999999,16045.660444786688,16383.999996055098
3056.0,110.2,-25.4,142.0,253.2,69.2711664,16376.45345039319,16383.99999999867
3061.0,111.2,-18.8,141.6,266.0,68.98455102,16334.15247396864,16384.0
3066.0,110.4,-21.4,139.8,263.8,68.5479948,16442.007224713216,16384.0
3071.0,107.4,-20.6,137.6,266.6,68.00552012,16460.196802101247,16384.0
3076.0,107.6,-23.6,135.0,264.4,67.353616,16176.114236227582,16384.0
3081.0,106.0,-15.0,135.0,260.2,66.62827722,16003.4702393344,16384.0
3086.0,107.4,-22.4,134.6,267.6,65.83017199999999,15939.939849011202,16384.0
3091.0,108.8,-17.2,137.2,270.0,65.014172,15918.45342806016,16384.0
3096.0,107.8,-9.0,138.4,279.0,64.14902559999999,15915.2746692608,3842.8114944
3101.0,110.6,-8.6,136.4,275.8,63.620981900000004,15933.078006005762,2775.8964473856004
3106.0,112.6,-0.8,136.8,280.2,63.416361540000004,16069.162689265664,2160.4723785727997
3111.0,113.8,-2.0,135.6,281.0,63.42798438,16330.756803198976,2257.1125932032
3116.0,106.2,-26.8,134.2,277.4,63.62016242,16254.915666313216,2790.1791469568
3121.0,111.2,3.0,129.8,278.6,63.92717506,16126.9273346048,4952.95135744
3126.0,112.8,-2.2,130.0,278.2,64.27697586,15928.592788357118,4409.769872588799
3131.0,114.8,-3.0,128.6,282.0,64.67910298000001,15880.467913441278,3076.507828224
3136.0,117.6,4.0,129.2,291.6,65.15420918,15866.65335881728,8788.79292719104
3141.0,117.8,10.6,129.4,309.0,65.48416599999999,15904.83343474688,16373.24765053711
3146.0,118.8,17.4,133.0,305.8,65.52741188,15930.764545228802,16383.999343448817
3151.0,119.6,18.4,138.0,303.0,65.38963316,16017.67473774592,16383.999999839778
3156.0,118.6,25.8,135.6,315.2,65.09224728000001,16280.674872459265,15274.67322900478
3161.0,112.0,27.8,127.8,313.0,64.85598200000001,16393.05181052928,3361.0726735872
3166.0,109.4,24.4,127.8,301.8,64.93266698,16058.624623050753,6044.630387916801
3171.0,105.4,19.4,120.4,304.8,65.2107428,15821.22253221888,12341.97772664832
3176.0,103.6,8.0,121.2,298.2,65.40474800000001,15630.350501150719,16375.013394633555
3181.0,101.4,-1.0,118.4,289.2,65.43624296,15340.829589831681,16383.999451501131
3186.0,102.6,-5.8,118.4,288.2,65.37257284,15220.6037303296,16383.99999996557
3191.0,103.0,-9.6,119.4,279.4,65.27374476,15162.903199744,16383.999999999982
3196.0,105.2,-11.2,125.8,270.0,65.13673394,15134.54615330816,16384.0
3201.0,107.8,-8.2,127.0,276.4,64.964666,15190.564423270402,13702.644727807998
3206.0,110.8,0.2,133.8,289.8,64.8856883,15383.697439784959,5122.2999990272
3211.0,115.4,1.0,135.4,289.4,65.12597194,16258.663063781374,10086.418078367744
3216.0,111.4,-5.0,128.4,276.0,65.35827886,16807.177028239363,16383.024591278381
3221.0,109.6,-20.6,128.2,259.2,65.47686422,16532.59672374477,16383.99989536409
3226.0,105.8,-28.2,127.8,259.0,65.49405892,16297.73610831053,16383.999999987403
3231.0,104.4,-39.2,129.2,243.8,65.43845978,16071.09230657536,16384.0
3236.0,111.6,-43.0,135.2,239.8,65.33678400000001,15954.22545608704,16384.0
3241.0,114.0,-42.2,136.6,237.8,65.22001318,16424.97626570752,16384.0
3246.0,113.4,-52.2,138.4,236.2,65.06525598,16880.76983697408,16384.0
3251.0,111.8,-53.0,138.8,230.8,64.93374879999999,16724.30549303296,5232.1797799936
3256.0,120.8,-59.4,141.0,229.6,65.11428,16614.845266001917,6946.524543385599
3261.0,122.8,-59.0,144.6,230.4,65.39786998,17041.64204576768,16367.837253332074
3266.0,123.6,-64.2,143.8,224.8,65.5669438,17394.72518479872,16383.998290219824
3271.0,125.0,-67.0,152.6,224.6,65.63343898000001,17287.31013185536,16383.99999989442
3276.0,126.8,-63.2,156.6,225.4,65.56977702,17498.281735946242,16383.999999999996
3281.0,126.0,-70.4,156.0,223.8,65.427376,17895.527232962562,16384.0
3286.0,122.2,-63.6,154.4,228.2,65.279948,17869.68183799808,16384.0
3291.0,127.8,-59.8,158.6,230.0,65.05841000000001,17798.78583894016,16384.0
3296.0,133.4,-58.8,162.8,238.0,64.713304,18154.309012684804,13354.478619852802
3301.0,134.4,-51.8,161.6,240.0,64.45562520000001,18216.3598147584,13207.454089216
3306.0,130.4,-45.8,159.2,241.2,64.27820781999999,18154.8999737344,11293.064760524798
3311.0,126.2,-49.2,151.6,241.4,64.16601693999999,18223.371973427198,7852.644188159999
3316.0,121.8,-59.2,146.6,233.4,64.23961376,18011.0799634432,5847.3282568192
3321.0,123.8,-59.4,143.8,233.4,64.56558600000001,17165.166681456638,3809.1154325503985
3326.0,121.4,-53.6,151.6,227.8,65.00150178,17001.06071310336,5493.2105265152
3331.0,127.4,-52.6,147.8,235.0,65.38731487999999,17331.408504094718,15380.242556731391
3336.0,127.4,-51.2,150.0,234.2,65.6397222,17396.40400576512,16383.931211337844
3341.0,124.8,-49.0,148.4,240.8,65.66027199999999,17405.07862106112,16383.999995807852
3346.0,120.2,-47.8,148.0,231.2,65.48713224,17592.48159506432,16383.99999999977
3351.0,119.6,-59.4,143.8,227.6,65.25322112,17439.537148067837,16384.0
3356.0,116.8,-67.6,141.0,225.6,64.93572896,17240.689977917442,13572.9953112064
3361.0,116.4,-68.6,140.4,218.8,64.6971949,17012.3004952576,1430.8811243520001
3366.0,117.8,-67.4,139.4,218.0,64.87313800000001,16598.97783025664,849.3996408832005
3371.0,120.6,-60.0,140.0,221.6,65.27607882,16581.296696524798,13000.99280830464
3376.0,117.4,-52.2,144.0,228.6,65.51161202,16571.408965959683,16383.53651484639
3381.0,123.8,-47.0,145.8,236.0,65.53393804,16706.52919021568,16383.999948923138
3386.0,121.2,-39.2,144.4,245.6,65.39195604,16777.346484797443,16383.999999993097
3391.0,121.6,-34.4,143.8,250.0,65.08558914,17024.03984195584,16384.0
3396.0,120.8,-34.8,141.8,256.2,64.78540689999998,16971.602054021118,3744.7358775296
3401.0,115.6,-37.2,138.0,248.6,64.78495282,16860.61112164352,1120.1382350848003
3406.0,115.8,-36.0,135.8,249.6,65.1007001,16715.76265457664,5718.57983668224
3411.0,112.8,-39.0,135.0,245.8,65.4407611,16414.626727297025,16357.71509895073
3416.0,116.2,-35.0,136.0,249.2,65.54783972,16228.881799577599,16383.999190774228
3421.0,115.6,-29.8,137.4,252.6,65.45627606,16220.446117724161,16383.999999949912
3426.0,117.6,-26.8,138.4,259.8,65.23261319999999,16244.184649728,16383.999999999995
3431.0,117.8,-18.2,139.0,261.6,64.91048077999999,16291.83623692288,10714.67134976
3436.0,118.8,-12.2,140.0,275.8,64.77505208,16335.043766583296,1114.7523391488
3441.0,116.8,-8.8,136.0,270.2,65.01797298,16354.116991123456,5111.5357732863995
3446.0,113.6,-6.4,134.8,281.6,65.36391214,16304.49917919232,16326.907503827682
3451.0,114.4,-5.0,135.8,279.4,65.51663508,16258.336624115711,16383.991657871986
3456.0,114.2,-5.0,132.4,281.6,65.52303916000001,16212.826089390079,16383.999996609858
3461.0,113.0,-3.4,133.8,287.0,65.39724816,16152.460293242879,16383.999999999796
3466.0,111.2,-3.2,131.4,283.2,65.1702831,16095.924285931518,16384.0
3471.0,111.2,-4.6,131.0,291.4,64.92281914,16034.055346913281,11973.195674419201
3476.0,110.4,-4.0,130.8,284.2,64.8006,15970.226953256963,5050.954219519999
3481.0,115.6,-4.8,134.4,284.4,64.94057519999998,15961.57672128512,2692.6791753728003
3486.0,117.6,-4.2,132.4,282.4,65.27855408,16030.998974300159,15923.705003340594
3491.0,117.6,-3.0,134.0,274.0,65.494372,16373.622845109043,16383.8745050305
3496.0,119.0,-3.4,135.6,273.0,65.62231786,16353.175563534334,16383.99989513956
3501.0,116.6,-6.0,136.2,270.2,65.67946200000002,16320.776655798272,16383.999999993603
3506.0,121.0,-2.6,137.6,281.8,65.659566,16334.542898036734,16384.0
3511.0,120.2,-0.4,138.4,290.0,65.60346718,16366.10854810747,16384.0
3516.0,119.6,1.8,140.8,290.4,65.51091720000001,16405.95154735596,16384.0
3521.0,118.4,4.6,141.2,299.0,65.39591276,16442.010620100606,16384.0
3526.0,118.8,6.8,141.2,296.0,65.25850697999999,16469.85669233869,16384.0
3531.0,116.8,9.0,141.6,301.4,65.1173,16483.9323533312,16384.0
3536.0,116.0,10.0,140.6,301.2,64.96196538,16482.16712904704,11022.9859106816
3541.0,114.0,5.4,139.0,298.8,65.01967724000001,16453.476355538944,5081.980990259201
3546.0,113.6,1.4,136.4,290.2,65.26794982,16402.586508423985,16156.173023855576
3551.0,108.8,0.0,135.0,288.4,65.44409498,16316.025911640065,16383.98618960466
3556.0,109.8,-6.2,133.8,282.2,65.48130298000001,16195.323686748161,16383.999999138041
3561.0,110.2,-14.4,133.8,274.8,65.41276711999998,16110.39848300544,16383.999999999942
3566.0,110.6,-9.0,134.0,279.0,65.25856298,16056.883254394881,16384.0
3571.0,105.4,-12.8,133.4,283.0,65.02718078,16013.33493858304,16384.0
3576.0,107.0,-20.4,134.4,269.8,64.7930963,15916.06147416064,5446.639360409599
3581.0,108.6,-17.8,133.8,271.8,64.81027392000001,15881.699505930239,4440.7915905024
3586.0,105.2,-7.2,132.0,273.8,65.0450208,15839.37624244224,8479.2006508544
3591.0,104.8,-9.2,124.6,283.8,65.271482,15756.53153472512,16348.442442601267
